{
  "instances": {
    "prediction": {
      "soft_coral": 25,
      "hard_coral": 11
    },
    "annotation": {
      "soft_coral": 19,
      "hard_coral": 4
    }
  },
  "iou": {
    "other": 0.9524883412927468,
    "soft_coral": 0.7217922072541723,
    "hard_coral": 0.2918692001767565,
    "mean": 0.6553832495745585
  },
  "dice": {
    "other": 0.9756660986381124,
    "soft_coral": 0.8384196469389883,
    "hard_coral": 0.45185565247135284,
    "mean": 0.7553137993494845
  },
  "precision": {
    "hard_coral": 0.24840108061810068,
    "soft_coral": 0.8146875216015963,
    "other": 0.9784452028110563,
    "mean": 0.6805112683435844
  },
  "recall": {
    "hard_coral": 0.21010783062808033,
    "soft_coral": 0.8635794739862206,
    "other": 0.972903272660865,
    "mean": 0.682196859091722
  },
  "f1": {
    "hard_coral": 0.22760574814179274,
    "soft_coral": 0.8383713731470748,
    "other": 0.9756163710179367,
    "mean": 0.6805311641022681
  }
}