{
  "instances": {
    "prediction": {
      "soft_coral": 0,
      "hard_coral": 27
    },
    "annotation": {
      "soft_coral": 0,
      "hard_coral": 19
    }
  },
  "iou": {
    "other": 0.7663798953294327,
    "soft_coral": 0.0,
    "hard_coral": 0.7010578214877327,
    "mean": 0.48914590560572185
  },
  "dice": {
    "other": 0.8677407361302667,
    "soft_coral": 0.0,
    "hard_coral": 0.8242610129202929,
    "mean": 0.5640005830168532
  },
  "precision": {
    "hard_coral": 0.9280382820038878,
    "soft_coral": 0.0,
    "other": 0.8003835442725533
  },
  "recall": {
    "hard_coral": 0.7413604888449202,
    "soft_coral": 0.0,
    "other": 0.9474784278908598
  },
  "f1": {
    "hard_coral": 0.8242125438204463,
    "soft_coral": 0.0,
    "other": 0.8676918083045997
  }
}