{
  "instances": {
    "prediction": {
      "soft_coral": 11,
      "hard_coral": 23
    },
    "annotation": {
      "soft_coral": 10,
      "hard_coral": 32
    }
  },
  "iou": {
    "other": 0.9178010147736838,
    "soft_coral": 0.5117684115496605,
    "hard_coral": 0.5805099874837661,
    "mean": 0.6700264712690368
  },
  "dice": {
    "other": 0.9571389395494629,
    "soft_coral": 0.6770460444071122,
    "hard_coral": 0.7345856616926044,
    "mean": 0.7895902152163933
  },
  "precision": {
    "hard_coral": 0.9014433336374685,
    "soft_coral": 0.6656859324934601,
    "other": 0.9311862735380737
  },
  "recall": {
    "hard_coral": 0.6199966431904017,
    "soft_coral": 0.688805212379957,
    "other": 0.9845805250852635
  },
  "f1": {
    "hard_coral": 0.7346397063411796,
    "soft_coral": 0.6769982837180818,
    "other": 0.9570893663495823
  }
}