{
  "instances": {
    "prediction": {
      "soft_coral": 1,
      "hard_coral": 1
    },
    "annotation": {
      "soft_coral": 1,
      "hard_coral": 0
    }
  },
  "iou": {
    "other": 0.9930100782129518,
    "soft_coral": 0.8405379521474703,
    "hard_coral": 0.0,
    "mean": 0.6111826767868074
  },
  "dice": {
    "other": 0.996492781515026,
    "soft_coral": 0.9133611737446242,
    "hard_coral": 0.0,
    "mean": 0.63661798508655
  },
  "precision": {
    "hard_coral": 0.0,
    "soft_coral": 0.8486060549213453,
    "other": 0.9995965393149664
  },
  "recall": {
    "hard_coral": 0.0,
    "soft_coral": 0.9888177103898231,
    "other": 0.9934083241897945
  },
  "f1": {
    "hard_coral": 0.0,
    "soft_coral": 0.9133124829089415,
    "other": 0.9964428276399385
  }
}