{
  "instances": {
    "prediction": {
      "soft_coral": 8,
      "hard_coral": 41
    },
    "annotation": {
      "soft_coral": 7,
      "hard_coral": 41
    }
  },
  "iou": {
    "other": 0.8217733374982792,
    "soft_coral": 0.7065210438147936,
    "hard_coral": 0.884556249239579,
    "mean": 0.8042835435175505
  },
  "dice": {
    "other": 0.9021685855022624,
    "soft_coral": 0.8280250001903539,
    "hard_coral": 0.9387422101054278,
    "mean": 0.8896452652660147
  },
  "precision": {
    "hard_coral": 0.9254636926017661,
    "soft_coral": 0.7643728872115882,
    "other": 0.9300324615439819,
    "mean": 0.8732896804524454
  },
  "recall": {
    "hard_coral": 0.9524074764951979,
    "soft_coral": 0.9032423355316181,
    "other": 0.875925915564247,
    "mean": 0.9105252425303544
  },
  "f1": {
    "hard_coral": 0.9386923021641617,
    "soft_coral": 0.8279758347787781,
    "other": 0.9021187196470838,
    "mean": 0.8895956188633413
  }
}