{
  "instances": {
    "prediction": {
      "soft_coral": 0,
      "hard_coral": 112
    },
    "annotation": {
      "soft_coral": 0,
      "hard_coral": 45
    }
  },
  "iou": {
    "other": 0.7415679989571659,
    "soft_coral": 0.0,
    "hard_coral": 0.6840830763262443,
    "mean": 0.47521702509447006
  },
  "dice": {
    "other": 0.8516095833194106,
    "soft_coral": 0.0,
    "hard_coral": 0.8124101309996447,
    "mean": 0.5546732381063517
  },
  "precision": {
    "hard_coral": 0.7292398677486408,
    "soft_coral": 0.0,
    "other": 0.9360596113109151
  },
  "recall": {
    "hard_coral": 0.9169944366973874,
    "soft_coral": 0.0,
    "other": 0.7811368266905186
  },
  "f1": {
    "hard_coral": 0.8123610131156865,
    "soft_coral": 0.0,
    "other": 0.8515601828459136
  }
}