{
  "instances": {
    "prediction": {
      "soft_coral": 6,
      "hard_coral": 22
    },
    "annotation": {
      "soft_coral": 7,
      "hard_coral": 27
    }
  },
  "iou": {
    "other": 0.930008907668911,
    "soft_coral": 0.7609393597885272,
    "hard_coral": 0.6749935361648556,
    "mean": 0.788647267874098
  },
  "dice": {
    "other": 0.9637353526955349,
    "soft_coral": 0.8642425482271111,
    "hard_coral": 0.8059655414675243,
    "mean": 0.8779811474633901
  },
  "precision": {
    "hard_coral": 0.8584472216937631,
    "soft_coral": 0.8170332985343342,
    "other": 0.9636380629835585,
    "mean": 0.8797061944038852
  },
  "recall": {
    "hard_coral": 0.7595717717677399,
    "soft_coral": 0.9172446773357379,
    "other": 0.9638330139521222,
    "mean": 0.8802164876852
  },
  "f1": {
    "hard_coral": 0.8059385988123728,
    "soft_coral": 0.8641939124148801,
    "other": 0.9636855312032885,
    "mean": 0.8779393474768472
  }
}