{
  "instances": {
    "prediction": {
      "soft_coral": 0,
      "hard_coral": 3
    },
    "annotation": {
      "soft_coral": 0,
      "hard_coral": 8
    }
  },
  "iou": {
    "other": 0.9975180213169483,
    "soft_coral": 0.0,
    "hard_coral": 0.44947340354619386,
    "mean": 0.4823304749543807
  },
  "dice": {
    "other": 0.9987574686903624,
    "soft_coral": 0.0,
    "hard_coral": 0.6201885490917453,
    "mean": 0.5396486725940358
  },
  "precision": {
    "hard_coral": 0.9058301866492452,
    "soft_coral": 0.0,
    "other": 0.9977285057644696,
    "mean": 0.6345195641379049
  },
  "recall": {
    "hard_coral": 0.47153845824098983,
    "soft_coral": 0.0,
    "other": 0.999788857235892,
    "mean": 0.4904424384922939
  },
  "f1": {
    "hard_coral": 0.6201720398140456,
    "soft_coral": 0.0,
    "other": 0.998707621475307,
    "mean": 0.5396265537631175
  }
}