{
  "instances": {
    "prediction": {
      "soft_coral": 8,
      "hard_coral": 72
    },
    "annotation": {
      "soft_coral": 6,
      "hard_coral": 56
    }
  },
  "iou": {
    "other": 0.9524669224095433,
    "soft_coral": 0.8464185889210508,
    "hard_coral": 0.7032562666084677,
    "mean": 0.8340472593130207
  },
  "dice": {
    "other": 0.9756548615267725,
    "soft_coral": 0.9168219969185352,
    "hard_coral": 0.825778575303639,
    "mean": 0.9060851445829822
  },
  "precision": {
    "hard_coral": 0.7764306053640068,
    "soft_coral": 0.8892367498917032,
    "other": 0.9852818213187425,
    "mean": 0.8836497255248176
  },
  "recall": {
    "hard_coral": 0.8812248893971337,
    "soft_coral": 0.9461741123894988,
    "other": 0.9662142640416123,
    "mean": 0.9312044219427481
  },
  "f1": {
    "hard_coral": 0.8254654881237858,
    "soft_coral": 0.9167723382331102,
    "other": 0.9756048979605184,
    "mean": 0.9059475747724716
  }
}