{
  "instances": {
    "prediction": {
      "soft_coral": 20,
      "hard_coral": 16
    },
    "annotation": {
      "soft_coral": 12,
      "hard_coral": 17
    }
  },
  "iou": {
    "other": 0.9071039536215746,
    "soft_coral": 0.8872549223242759,
    "hard_coral": 0.7700656932699776,
    "mean": 0.8548081897386094
  },
  "dice": {
    "other": 0.9512894689342882,
    "soft_coral": 0.9402597516943438,
    "hard_coral": 0.8700984332930338,
    "mean": 0.9205492179738887
  },
  "precision": {
    "hard_coral": 0.8958808163024985,
    "soft_coral": 0.9253827910866357,
    "other": 0.9481803573393908,
    "mean": 0.9231479882428416
  },
  "recall": {
    "hard_coral": 0.8405438117988697,
    "soft_coral": 0.955624293297317,
    "other": 0.954419509483306,
    "mean": 0.9168625381931642
  },
  "f1": {
    "hard_coral": 0.8672806179267476,
    "soft_coral": 0.940210457025919,
    "other": 0.9512397066225223,
    "mean": 0.9195769271917297
  }
}