{
  "iou": {
    "hard_coral": 0.8187213356312222,
    "soft_coral": 0.8001084146800965,
    "other": 0.9458099806199136,
    "mean": 0.8548799103104109
  },
  "dice": {
    "hard_coral": 0.9003263112290584,
    "soft_coral": 0.8889558075003905,
    "other": 0.9721504052709082,
    "mean": 0.920477508000119
  },
  "precision": {
    "hard_coral": 0.8986948140085322,
    "soft_coral": 0.8652597275599991,
    "other": 0.9751256142226581,
    "mean": 0.9130267185970631
  },
  "recall": {
    "hard_coral": 0.9019637428865916,
    "soft_coral": 0.9139863181887979,
    "other": 0.9691932964332202,
    "mean": 0.9283811191695367
  },
  "f1": {
    "hard_coral": 0.9002763141700999,
    "soft_coral": 0.8889058478074747,
    "other": 0.9721004083077311,
    "mean": 0.9204275234284353
  }
}