{
  "instances": {
    "prediction": {
      "soft_coral": 10,
      "hard_coral": 28
    },
    "annotation": {
      "soft_coral": 7,
      "hard_coral": 27
    }
  },
  "iou": {
    "other": 0.9319328127321,
    "soft_coral": 0.7993308902399812,
    "hard_coral": 0.7215747553009093,
    "mean": 0.8176128194243302
  },
  "dice": {
    "other": 0.9647673113581829,
    "soft_coral": 0.8884757045807983,
    "hard_coral": 0.8382729278285534,
    "mean": 0.8971719812558449
  },
  "precision": {
    "hard_coral": 0.8705226222854924,
    "soft_coral": 0.830249722531072,
    "other": 0.9696412933824253,
    "mean": 0.8901378793996632
  },
  "recall": {
    "hard_coral": 0.8136631604213583,
    "soft_coral": 0.9554872893471448,
    "other": 0.9599424336919744,
    "mean": 0.9096976278201593
  },
  "f1": {
    "hard_coral": 0.841083140806139,
    "soft_coral": 0.8884271650615009,
    "other": 0.9647174922171811,
    "mean": 0.8980759326949403
  }
}