{
  "instances": {
    "prediction": {
      "soft_coral": 0,
      "hard_coral": 6
    },
    "annotation": {
      "soft_coral": 0,
      "hard_coral": 47
    }
  },
  "iou": {
    "other": 0.9501554709182745,
    "soft_coral": 0.0,
    "hard_coral": 0.8646898806292467,
    "mean": 0.6049484505158403
  },
  "dice": {
    "other": 0.9744407408409058,
    "soft_coral": 0.0,
    "hard_coral": 0.9274355908849077,
    "mean": 0.6339587772419378
  },
  "precision": {
    "hard_coral": 0.9692524503128902,
    "soft_coral": 0.0,
    "other": 0.9598545691774828,
    "mean": 0.6430356731634577
  },
  "recall": {
    "hard_coral": 0.8890780146791565,
    "soft_coral": 0.0,
    "other": 0.9894771759543982,
    "mean": 0.6261850635445182
  },
  "f1": {
    "hard_coral": 0.9273858349613098,
    "soft_coral": 0.0,
    "other": 0.974390809843316,
    "mean": 0.6339255482682086
  }
}