{
  "instances": {
    "prediction": {
      "soft_coral": 15,
      "hard_coral": 21
    },
    "annotation": {
      "soft_coral": 12,
      "hard_coral": 17
    }
  },
  "iou": {
    "other": 0.9218707735720884,
    "soft_coral": 0.8585967018012459,
    "hard_coral": 0.8822634321141775,
    "mean": 0.8875769691625038
  },
  "dice": {
    "other": 0.9593473049789416,
    "soft_coral": 0.9239193214634923,
    "hard_coral": 0.9374494739274727,
    "mean": 0.9402387001233022
  },
  "precision": {
    "hard_coral": 0.9183633418453236,
    "soft_coral": 0.9393671768431341,
    "other": 0.9591961703459132,
    "mean": 0.938975563011457
  },
  "recall": {
    "hard_coral": 0.9522866413556204,
    "soft_coral": 0.9089726800354104,
    "other": 0.9594989618957204,
    "mean": 0.9402527610955836
  },
  "f1": {
    "hard_coral": 0.9349674197015012,
    "soft_coral": 0.9238700378537721,
    "other": 0.9592975448359173,
    "mean": 0.9393783341303968
  }
}