{
  "iou": {
    "hard_coral": 0.811824012986482,
    "soft_coral": 0.8107102500839168,
    "other": 0.9457814125317018,
    "mean": 0.8561052252007002
  },
  "dice": {
    "hard_coral": 0.8961400303424932,
    "soft_coral": 0.8954610491063877,
    "other": 0.9721353143168568,
    "mean": 0.9212454645885791
  },
  "precision": {
    "hard_coral": 0.8845252325018583,
    "soft_coral": 0.885264057821954,
    "other": 0.9759239054854771,
    "mean": 0.9152377319364299
  },
  "recall": {
    "hard_coral": 0.9080639172333222,
    "soft_coral": 0.905895687617115,
    "other": 0.9683760244443147,
    "mean": 0.9274452097649174
  },
  "f1": {
    "hard_coral": 0.8960900417520835,
    "soft_coral": 0.8954110585305013,
    "other": 0.9720853176417463,
    "mean": 0.9211954726414436
  }
}