{
  "iou": {
    "hard_coral": 0.799385191989523,
    "soft_coral": 0.7831006109621523,
    "other": 0.9381400455281421,
    "mean": 0.8402086161599391
  },
  "dice": {
    "hard_coral": 0.8885092481012008,
    "soft_coral": 0.8783583003088031,
    "other": 0.9680828252764361,
    "mean": 0.9116501245621467
  },
  "precision": {
    "hard_coral": 0.8875806548421654,
    "soft_coral": 0.8660882251863466,
    "other": 0.9696145370227498,
    "mean": 0.9077611390170873
  },
  "recall": {
    "hard_coral": 0.8894397863963508,
    "soft_coral": 0.8909810377466795,
    "other": 0.9665559452242211,
    "mean": 0.9156589231224171
  },
  "f1": {
    "hard_coral": 0.8884592509691276,
    "soft_coral": 0.8783083131885204,
    "other": 0.9680328279834113,
    "mean": 0.9116001307136864
  }
}