{
  "instances": {
    "prediction": {
      "soft_coral": 0,
      "hard_coral": 13
    },
    "annotation": {
      "soft_coral": 0,
      "hard_coral": 12
    }
  },
  "iou": {
    "other": 0.9602417206279907,
    "soft_coral": 0.0,
    "hard_coral": 0.6553496370970023,
    "mean": 0.5385304525749977
  },
  "dice": {
    "other": 0.9797176649422235,
    "soft_coral": 0.0,
    "hard_coral": 0.7917960319806435,
    "mean": 0.5905045656409557
  },
  "precision": {
    "hard_coral": 0.7264657648798115,
    "soft_coral": 0.0,
    "other": 0.9883766543993135,
    "mean": 0.5716141397597084
  },
  "recall": {
    "hard_coral": 0.8700408184521756,
    "soft_coral": 0.0,
    "other": 0.9712093979850338,
    "mean": 0.6137500721457365
  },
  "f1": {
    "hard_coral": 0.7917477921636403,
    "soft_coral": 0.0,
    "other": 0.9796678343795783,
    "mean": 0.5904718755144062
  }
}