{
  "instances": {
    "prediction": {
      "soft_coral": 20,
      "hard_coral": 4
    },
    "annotation": {
      "soft_coral": 19,
      "hard_coral": 4
    }
  },
  "iou": {
    "other": 0.9700460329649828,
    "soft_coral": 0.8328435125193718,
    "hard_coral": 0.5223717191506526,
    "mean": 0.775087088211669
  },
  "dice": {
    "other": 0.98479529587949,
    "soft_coral": 0.9087993675734707,
    "hard_coral": 0.6862604087812263,
    "mean": 0.859951690744729
  },
  "precision": {
    "hard_coral": 0.6367814871828669,
    "soft_coral": 0.8967190700427329,
    "other": 0.9843709325992345,
    "mean": 0.8392904966082781
  },
  "recall": {
    "hard_coral": 0.44766365157149307,
    "soft_coral": 0.9212133975550241,
    "other": 0.9852205677685205,
    "mean": 0.7846992056316792
  },
  "f1": {
    "hard_coral": 0.5256838385404862,
    "soft_coral": 0.9087512306729795,
    "other": 0.9847455694753957,
    "mean": 0.8063935462296206
  }
}