{
  "instances": {
    "prediction": {
      "soft_coral": 0,
      "hard_coral": 15
    },
    "annotation": {
      "soft_coral": 0,
      "hard_coral": 18
    }
  },
  "iou": {
    "other": 0.8631529582621061,
    "soft_coral": 0.0,
    "hard_coral": 0.7925946567524286,
    "mean": 0.5519158716715116
  },
  "dice": {
    "other": 0.9265508281909711,
    "soft_coral": 0.0,
    "hard_coral": 0.8842988053845261,
    "mean": 0.6036165445251657
  },
  "precision": {
    "hard_coral": 0.8416701625584958,
    "soft_coral": 0.0,
    "other": 0.9573322146415422,
    "mean": 0.5996674590666794
  },
  "recall": {
    "hard_coral": 0.9314778309918857,
    "soft_coral": 0.0,
    "other": 0.8976883109824058,
    "mean": 0.6097220473247639
  },
  "f1": {
    "hard_coral": 0.8842498063238898,
    "soft_coral": 0.0,
    "other": 0.9265014611614709,
    "mean": 0.6035837558284536
  }
}