{
  "instances": {
    "prediction": {
      "soft_coral": 0,
      "hard_coral": 10
    },
    "annotation": {
      "soft_coral": 0,
      "hard_coral": 47
    }
  },
  "iou": {
    "other": 0.933302548217827,
    "soft_coral": 0.0,
    "hard_coral": 0.8258214629750519,
    "mean": 0.5863746703976264
  },
  "dice": {
    "other": 0.9655007687008654,
    "soft_coral": 0.0,
    "hard_coral": 0.9046026456819408,
    "mean": 0.6233678047942687
  },
  "precision": {
    "hard_coral": 0.9259679406731828,
    "soft_coral": 0.0,
    "other": 0.9575111880813972
  },
  "recall": {
    "hard_coral": 0.8842013288015454,
    "soft_coral": 0.0,
    "other": 0.9736249145137275
  },
  "f1": {
    "hard_coral": 0.9045528169501843,
    "soft_coral": 0.0,
    "other": 0.9654508295375747
  }
}