{
  "instances": {
    "prediction": {
      "soft_coral": 0,
      "hard_coral": 26
    },
    "annotation": {
      "soft_coral": 0,
      "hard_coral": 37
    }
  },
  "iou": {
    "other": 0.9335772739080139,
    "soft_coral": 0.0,
    "hard_coral": 0.5061894771941037,
    "mean": 0.4799222503673725
  },
  "dice": {
    "other": 0.9656477519733478,
    "soft_coral": 0.0,
    "hard_coral": 0.6721458154615306,
    "mean": 0.5459311891449595
  },
  "precision": {
    "hard_coral": 0.7564885163479745,
    "soft_coral": 0.0,
    "other": 0.9544990769594021,
    "mean": 0.5703291977691255
  },
  "recall": {
    "hard_coral": 0.6047337660922624,
    "soft_coral": 0.0,
    "other": 0.9770618514463352,
    "mean": 0.5272652058461992
  },
  "f1": {
    "hard_coral": 0.6721026393200791,
    "soft_coral": 0.0,
    "other": 0.9655986944949809,
    "mean": 0.54590044460502
  }
}