{
  "instances": {
    "prediction": {
      "soft_coral": 0,
      "hard_coral": 3
    },
    "annotation": {
      "soft_coral": 0,
      "hard_coral": 6
    }
  },
  "iou": {
    "other": 0.9961294859351987,
    "soft_coral": 0.0,
    "hard_coral": 0.9469471514742331,
    "mean": 0.6476922124698107
  },
  "dice": {
    "other": 0.9980609904858011,
    "soft_coral": 0.0,
    "hard_coral": 0.9727507505863243,
    "mean": 0.6569372470240418
  },
  "precision": {
    "hard_coral": 0.9720233802777494,
    "soft_coral": 0.0,
    "other": 0.9981144622078062,
    "mean": 0.6567126141618519
  },
  "recall": {
    "hard_coral": 0.9734836545827186,
    "soft_coral": 0.0,
    "other": 0.9980078484472028,
    "mean": 0.6571638343433072
  },
  "f1": {
    "hard_coral": 0.9727029719960821,
    "soft_coral": 0.0,
    "other": 0.9980111549852345,
    "mean": 0.6569047089937722
  }
}