{
  "instances": {
    "prediction": {
      "soft_coral": 0,
      "hard_coral": 15
    },
    "annotation": {
      "soft_coral": 0,
      "hard_coral": 14
    }
  },
  "iou": {
    "other": 0.9811348148179208,
    "soft_coral": 0.0,
    "hard_coral": 0.5636789021965767,
    "mean": 0.5149379056714992
  },
  "dice": {
    "other": 0.9904775863606168,
    "soft_coral": 0.0,
    "hard_coral": 0.7209650285678846,
    "mean": 0.5704808716428338
  },
  "precision": {
    "hard_coral": 0.6347639710667485,
    "soft_coral": 0.0,
    "other": 0.9950897057121926,
    "mean": 0.5432845589263137
  },
  "recall": {
    "hard_coral": 0.8342722821259648,
    "soft_coral": 0.0,
    "other": 0.9859085421471311,
    "mean": 0.6067269414243653
  },
  "f1": {
    "hard_coral": 0.7209215423039875,
    "soft_coral": 0.0,
    "other": 0.9904278519497135,
    "mean": 0.570449798084567
  }
}