{
  "instances": {
    "prediction": {
      "soft_coral": 5,
      "hard_coral": 26
    },
    "annotation": {
      "soft_coral": 7,
      "hard_coral": 27
    }
  },
  "iou": {
    "other": 0.9294887839616945,
    "soft_coral": 0.7343006530358208,
    "hard_coral": 0.739710709170698,
    "mean": 0.8011667153894045
  },
  "dice": {
    "other": 0.963456011444892,
    "soft_coral": 0.8467974128366477,
    "hard_coral": 0.8503835784551909,
    "mean": 0.8868790009122435
  },
  "precision": {
    "hard_coral": 0.8671825122162111,
    "soft_coral": 0.7941326836602175,
    "other": 0.9668242506436421,
    "mean": 0.8760464821733569
  },
  "recall": {
    "hard_coral": 0.7978452633874704,
    "soft_coral": 0.906946106815557,
    "other": 0.9601115099694709,
    "mean": 0.8883009600574995
  },
  "f1": {
    "hard_coral": 0.83102026162925,
    "soft_coral": 0.8467487953329041,
    "other": 0.963406191139111,
    "mean": 0.8803917493670884
  }
}