{
  "instances": {
    "prediction": {
      "soft_coral": 18,
      "hard_coral": 7
    },
    "annotation": {
      "soft_coral": 19,
      "hard_coral": 4
    }
  },
  "iou": {
    "other": 0.9519056440960957,
    "soft_coral": 0.7109533506594812,
    "hard_coral": 0.3889207258834766,
    "mean": 0.6839265735463512
  },
  "dice": {
    "other": 0.9753603069649526,
    "soft_coral": 0.8310610577260293,
    "hard_coral": 0.5600330078393618,
    "mean": 0.7888181241767812
  },
  "precision": {
    "hard_coral": 0.4837125798962236,
    "soft_coral": 0.8853432087250762,
    "other": 0.9706698058744032
  },
  "recall": {
    "hard_coral": 0.665287003357343,
    "soft_coral": 0.7830538995596583,
    "other": 0.9800968990854236
  },
  "f1": {
    "hard_coral": 0.5601040979481343,
    "soft_coral": 0.8310130699040112,
    "other": 0.9753105779648266
  }
}