{
  "iou": {
    "hard_coral": 0.8141887766776186,
    "soft_coral": 0.7947185270125139,
    "other": 0.9418077096008284,
    "mean": 0.8502383377636535
  },
  "dice": {
    "hard_coral": 0.8975788927199388,
    "soft_coral": 0.8856191263990586,
    "other": 0.9700318985698465,
    "mean": 0.9177433058962814
  },
  "precision": {
    "hard_coral": 0.8877373645873902,
    "soft_coral": 0.8675210029455632,
    "other": 0.9742836208566805,
    "mean": 0.9098473294632113
  },
  "recall": {
    "hard_coral": 0.9076410749931231,
    "soft_coral": 0.9044884607059543,
    "other": 0.9658171236297923,
    "mean": 0.9259822197762899
  },
  "f1": {
    "hard_coral": 0.8975289016490909,
    "soft_coral": 0.885569150979514,
    "other": 0.9699819020989752,
    "mean": 0.9176933182425268
  }
}