{
  "instances": {
    "prediction": {
      "soft_coral": 7,
      "hard_coral": 23
    },
    "annotation": {
      "soft_coral": 7,
      "hard_coral": 27
    }
  },
  "iou": {
    "other": 0.929028715040954,
    "soft_coral": 0.7713852144254744,
    "hard_coral": 0.7229410119677895,
    "mean": 0.8077849804780725
  },
  "dice": {
    "other": 0.9632087980828532,
    "soft_coral": 0.870940107373159,
    "hard_coral": 0.8391941534227115,
    "mean": 0.8911143529595745
  },
  "precision": {
    "hard_coral": 0.8586211203796517,
    "soft_coral": 0.8207329954961354,
    "other": 0.968314040779326
  },
  "recall": {
    "hard_coral": 0.8219786373217587,
    "soft_coral": 0.9276928852053573,
    "other": 0.9581574556263087
  },
  "f1": {
    "hard_coral": 0.8398504435683188,
    "soft_coral": 0.8708914966355356,
    "other": 0.9631589788298243
  }
}