{
  "iou": {
    "hard_coral": 0.7728031672151743,
    "soft_coral": 0.8091194321230504,
    "other": 0.939582169639208,
    "mean": 0.8405015896591442
  },
  "dice": {
    "hard_coral": 0.8718431707555441,
    "soft_coral": 0.8944897918359397,
    "other": 0.9688500795137591,
    "mean": 0.9117276807017477
  },
  "precision": {
    "hard_coral": 0.902193860094503,
    "soft_coral": 0.9120468311222115,
    "other": 0.961103231587137,
    "mean": 0.9251146409346171
  },
  "recall": {
    "hard_coral": 0.8434680746332568,
    "soft_coral": 0.877595937455994,
    "other": 0.9767228271642581,
    "mean": 0.8992622797511696
  },
  "f1": {
    "hard_coral": 0.8717932302018315,
    "soft_coral": 0.8944398131563014,
    "other": 0.9688000853420768,
    "mean": 0.9116777095667365
  }
}