{
  "instances": {
    "prediction": {
      "soft_coral": 3,
      "hard_coral": 8
    },
    "annotation": {
      "soft_coral": 2,
      "hard_coral": 5
    }
  },
  "iou": {
    "other": 0.9568536835497645,
    "soft_coral": 0.8531731465589937,
    "hard_coral": 0.8106474496537377,
    "mean": 0.8735580932541653
  },
  "dice": {
    "other": 0.9779511790723324,
    "soft_coral": 0.9207700296577052,
    "hard_coral": 0.8954227393176548,
    "mean": 0.9313813160158975
  },
  "precision": {
    "hard_coral": 0.821307734642898,
    "soft_coral": 0.8636171913400108,
    "other": 0.996124796996096
  },
  "recall": {
    "hard_coral": 0.9636153285580925,
    "soft_coral": 0.9860348315282171,
    "other": 0.960430054987155
  },
  "f1": {
    "hard_coral": 0.8867389322645471,
    "soft_coral": 0.9207251796350461,
    "other": 0.977901843632071
  }
}