{
  "instances": {
    "prediction": {
      "soft_coral": 27,
      "hard_coral": 25
    },
    "annotation": {
      "soft_coral": 26,
      "hard_coral": 28
    }
  },
  "iou": {
    "other": 0.7975236286182006,
    "soft_coral": 0.5768234085426885,
    "hard_coral": 0.6369939290903035,
    "mean": 0.6704469887503975
  },
  "dice": {
    "other": 0.8873581586588389,
    "soft_coral": 0.731627150405882,
    "hard_coral": 0.7782483707123928,
    "mean": 0.7990778932590379
  },
  "precision": {
    "hard_coral": 0.8509297305358686,
    "soft_coral": 0.8139648492456688,
    "other": 0.8466196459355022
  },
  "recall": {
    "hard_coral": 0.7129818563739373,
    "soft_coral": 0.664417927594934,
    "other": 0.9322158735511425
  },
  "f1": {
    "hard_coral": 0.7758222048980576,
    "soft_coral": 0.7315781377265729,
    "other": 0.8873084652658748
  }
}