{
  "instances": {
    "prediction": {
      "soft_coral": 18,
      "hard_coral": 8
    },
    "annotation": {
      "soft_coral": 19,
      "hard_coral": 4
    }
  },
  "iou": {
    "other": 0.9577917949531648,
    "soft_coral": 0.7912539797956979,
    "hard_coral": 0.3759936729396496,
    "mean": 0.7083464825628374
  },
  "dice": {
    "other": 0.9784409122790072,
    "soft_coral": 0.8834637507808297,
    "hard_coral": 0.5465049445124018,
    "mean": 0.8028032025240796
  },
  "precision": {
    "hard_coral": 0.5728011351206366,
    "soft_coral": 0.8447178517777794,
    "other": 0.9861334278666273,
    "mean": 0.8012174715883478
  },
  "recall": {
    "hard_coral": 0.6731655931700773,
    "soft_coral": 0.9259387762236051,
    "other": 0.9708680161801034,
    "mean": 0.8566574618579286
  },
  "f1": {
    "hard_coral": 0.6188914399807596,
    "soft_coral": 0.8834155993668692,
    "other": 0.9783911893929368,
    "mean": 0.8268994095801885
  }
}