{
  "instances": {
    "prediction": {
      "soft_coral": 0,
      "hard_coral": 14
    },
    "annotation": {
      "soft_coral": 0,
      "hard_coral": 18
    }
  },
  "iou": {
    "other": 0.9106662809485843,
    "soft_coral": 0.0,
    "hard_coral": 0.8578323579886252,
    "mean": 0.5894995463124032
  },
  "dice": {
    "other": 0.9532447293689276,
    "soft_coral": 0.0,
    "hard_coral": 0.9234766035804802,
    "mean": 0.6255737776498026
  },
  "precision": {
    "hard_coral": 0.8983200653594221,
    "soft_coral": 0.0,
    "other": 0.9698401207084179,
    "mean": 0.6227200620226133
  },
  "recall": {
    "hard_coral": 0.9500846705612968,
    "soft_coral": 0.0,
    "other": 0.9372088603320176,
    "mean": 0.6290978436311048
  },
  "f1": {
    "hard_coral": 0.9234275755647448,
    "soft_coral": 0.0,
    "other": 0.9531953332114973,
    "mean": 0.6255409695920807
  }
}