{
  "instances": {
    "prediction": {
      "soft_coral": 0,
      "hard_coral": 31
    },
    "annotation": {
      "soft_coral": 0,
      "hard_coral": 32
    }
  },
  "iou": {
    "other": 0.675897369391568,
    "soft_coral": 0.0,
    "hard_coral": 0.7807208037202773,
    "mean": 0.4855393910372818
  },
  "dice": {
    "other": 0.806609499765432,
    "soft_coral": 0.0,
    "hard_coral": 0.8768593056128703,
    "mean": 0.5611562684594341
  },
  "precision": {
    "hard_coral": 0.8425008246758866,
    "soft_coral": 0.0,
    "other": 0.8618075648868831,
    "mean": 0.5681027965209232
  },
  "recall": {
    "hard_coral": 0.9141407816174427,
    "soft_coral": 0.0,
    "other": 0.7580583210969594,
    "mean": 0.5573997009048007
  },
  "f1": {
    "hard_coral": 0.8768100665727137,
    "soft_coral": 0.0,
    "other": 0.8065606830356741,
    "mean": 0.561123583202796
  }
}