{
  "instances": {
    "prediction": {
      "soft_coral": 9,
      "hard_coral": 46
    },
    "annotation": {
      "soft_coral": 8,
      "hard_coral": 44
    }
  },
  "iou": {
    "other": 0.9546976052431131,
    "soft_coral": 0.8555607018308631,
    "hard_coral": 0.7543578630778134,
    "mean": 0.8548720567172632
  },
  "dice": {
    "other": 0.9768238347274936,
    "soft_coral": 0.922158677952912,
    "hard_coral": 0.8599817391354598,
    "mean": 0.9196547506052886
  },
  "precision": {
    "hard_coral": 0.9029792333023386,
    "soft_coral": 0.8949837517511425,
    "other": 0.973909563843887,
    "mean": 0.9239575162991227
  },
  "recall": {
    "hard_coral": 0.8209245515783572,
    "soft_coral": 0.9510361379503979,
    "other": 0.9797556586969293,
    "mean": 0.9172387827418947
  },
  "f1": {
    "hard_coral": 0.8599491818802346,
    "soft_coral": 0.9221090087831407,
    "other": 0.9767738674293783,
    "mean": 0.9196106860309179
  }
}