{
  "instances": {
    "prediction": {
      "soft_coral": 9,
      "hard_coral": 59
    },
    "annotation": {
      "soft_coral": 6,
      "hard_coral": 56
    }
  },
  "iou": {
    "other": 0.9582042782023813,
    "soft_coral": 0.8523414766422011,
    "hard_coral": 0.732419236065214,
    "mean": 0.8476549969699322
  },
  "dice": {
    "other": 0.9786560971892131,
    "soft_coral": 0.9202854736992315,
    "hard_coral": 0.8455450283832375,
    "mean": 0.914828866423894
  },
  "precision": {
    "hard_coral": 0.8253933870540958,
    "soft_coral": 0.8685130286028112,
    "other": 0.986856192649524,
    "mean": 0.8935875361021437
  },
  "recall": {
    "hard_coral": 0.8666869235377586,
    "soft_coral": 0.9786221754717117,
    "other": 0.9705912103439944,
    "mean": 0.9386334364511549
  },
  "f1": {
    "hard_coral": 0.8454863241897932,
    "soft_coral": 0.9202359370393622,
    "other": 0.9786061323413471,
    "mean": 0.9147761311901675
  }
}