{
  "instances": {
    "prediction": {
      "soft_coral": 0,
      "hard_coral": 14
    },
    "annotation": {
      "soft_coral": 0,
      "hard_coral": 12
    }
  },
  "iou": {
    "other": 0.9300146407157915,
    "soft_coral": 0.0,
    "hard_coral": 0.5152430489710039,
    "mean": 0.48175256322893184
  },
  "dice": {
    "other": 0.9637384308865902,
    "soft_coral": 0.0,
    "hard_coral": 0.6800797394462936,
    "mean": 0.5479393901109613
  },
  "precision": {
    "hard_coral": 0.563689532222974,
    "soft_coral": 0.0,
    "other": 0.9868341645289578,
    "mean": 0.5168412322506439
  },
  "recall": {
    "hard_coral": 0.857044149299455,
    "soft_coral": 0.0,
    "other": 0.9416993444759754,
    "mean": 0.5995811645918101
  },
  "f1": {
    "hard_coral": 0.6800328875866677,
    "soft_coral": 0.0,
    "other": 0.9636886235818682,
    "mean": 0.547907170389512
  }
}