{
  "instances": {
    "prediction": {
      "soft_coral": 15,
      "hard_coral": 17
    },
    "annotation": {
      "soft_coral": 12,
      "hard_coral": 17
    }
  },
  "iou": {
    "other": 0.9059244802272957,
    "soft_coral": 0.899975703290286,
    "hard_coral": 0.7730850164594565,
    "mean": 0.8596617333256793
  },
  "dice": {
    "other": 0.9506404788076991,
    "soft_coral": 0.9473549600994914,
    "hard_coral": 0.8720225023424689,
    "mean": 0.9233393137498864
  },
  "precision": {
    "hard_coral": 0.9120766773864727,
    "soft_coral": 0.9500583471151769,
    "other": 0.938605874029888,
    "mean": 0.9335802995105125
  },
  "recall": {
    "hard_coral": 0.8341601612430208,
    "soft_coral": 0.9446683229961033,
    "other": 0.9629881785733305,
    "mean": 0.9139388876041515
  },
  "f1": {
    "hard_coral": 0.8713302169949992,
    "soft_coral": 0.9473056714628528,
    "other": 0.9505907217756433,
    "mean": 0.9230755367444985
  }
}