{
  "instances": {
    "prediction": {
      "soft_coral": 5,
      "hard_coral": 17
    },
    "annotation": {
      "soft_coral": 3,
      "hard_coral": 18
    }
  },
  "iou": {
    "other": 0.95052793859941,
    "soft_coral": 0.6877271128824288,
    "hard_coral": 0.502594496522528,
    "mean": 0.7136165160014555
  },
  "dice": {
    "other": 0.974636578937642,
    "soft_coral": 0.814974301986387,
    "hard_coral": 0.6689689037004838,
    "mean": 0.8195265948748376
  },
  "precision": {
    "hard_coral": 0.7933859034361486,
    "soft_coral": 0.6996184095527713,
    "other": 0.9691363189104774,
    "mean": 0.8207135439664658
  },
  "recall": {
    "hard_coral": 0.5782998377521852,
    "soft_coral": 0.9759221483930546,
    "other": 0.9802007488076301,
    "mean": 0.8448075783176233
  },
  "f1": {
    "hard_coral": 0.6689309058345205,
    "soft_coral": 0.8149398127998128,
    "other": 0.9745871372033278,
    "mean": 0.8194859519458871
  }
}