{
  "instances": {
    "prediction": {
      "soft_coral": 0,
      "hard_coral": 19
    },
    "annotation": {
      "soft_coral": 0,
      "hard_coral": 13
    }
  },
  "iou": {
    "other": 0.9144240313126205,
    "soft_coral": 0.0,
    "hard_coral": 0.47203928365106873,
    "mean": 0.46215443832122977
  },
  "dice": {
    "other": 0.9552993656119619,
    "soft_coral": 0.0,
    "hard_coral": 0.6413406067265806,
    "mean": 0.5322133241128475
  },
  "precision": {
    "hard_coral": 0.6151226637963322,
    "soft_coral": 0.0,
    "other": 0.9604016928908052
  },
  "recall": {
    "hard_coral": 0.6698962168107524,
    "soft_coral": 0.0,
    "other": 0.9502515099212928
  },
  "f1": {
    "hard_coral": 0.6412921817117121,
    "soft_coral": 0.0,
    "other": 0.9552496444410775
  }
}