{
  "instances": {
    "prediction": {
      "soft_coral": 8,
      "hard_coral": 51
    },
    "annotation": {
      "soft_coral": 8,
      "hard_coral": 44
    }
  },
  "iou": {
    "other": 0.9400757662320856,
    "soft_coral": 0.8668566718922907,
    "hard_coral": 0.6236397018542269,
    "mean": 0.8101907133262011
  },
  "dice": {
    "other": 0.9691124260140127,
    "soft_coral": 0.928680476593443,
    "hard_coral": 0.7681996210637356,
    "mean": 0.8886641745570637
  },
  "precision": {
    "hard_coral": 0.8344789744350634,
    "soft_coral": 0.9092492439658137,
    "other": 0.9618102369929687
  },
  "recall": {
    "hard_coral": 0.7116970553620493,
    "soft_coral": 0.9489609595823546,
    "other": 0.9765264011748844
  },
  "f1": {
    "hard_coral": 0.7681632741146517,
    "soft_coral": 0.928630788773435,
    "other": 0.9690624607999968
  }
}