{
  "instances": {
    "prediction": {
      "soft_coral": 9,
      "hard_coral": 63
    },
    "annotation": {
      "soft_coral": 6,
      "hard_coral": 56
    }
  },
  "iou": {
    "other": 0.9591790278082936,
    "soft_coral": 0.8655849685161289,
    "hard_coral": 0.7312907914527448,
    "mean": 0.852018262592389
  },
  "dice": {
    "other": 0.9791642460376005,
    "soft_coral": 0.9279501959158774,
    "hard_coral": 0.8447925617846217,
    "mean": 0.9173023345793666
  },
  "precision": {
    "hard_coral": 0.8240725194906847,
    "soft_coral": 0.8893400892939561,
    "other": 0.9857361819315766,
    "mean": 0.8997162635720725
  },
  "recall": {
    "hard_coral": 0.8654380078904763,
    "soft_coral": 0.9700655514470083,
    "other": 0.9726794178651215,
    "mean": 0.9360609924008688
  },
  "f1": {
    "hard_coral": 0.8441989062777852,
    "soft_coral": 0.9279005830830419,
    "other": 0.979114279926411,
    "mean": 0.9170712564290794
  }
}