{
  "instances": {
    "prediction": {
      "soft_coral": 0,
      "hard_coral": 3
    },
    "annotation": {
      "soft_coral": 0,
      "hard_coral": 2
    }
  },
  "iou": {
    "other": 0.9991720347575007,
    "soft_coral": 0.0,
    "hard_coral": 0.7860716429857915,
    "mean": 0.5950812259144307
  },
  "dice": {
    "other": 0.9995858459261613,
    "soft_coral": 0.0,
    "hard_coral": 0.8802240896358543,
    "mean": 0.6266033118540052
  },
  "precision": {
    "hard_coral": 0.8334394051890641,
    "soft_coral": 0.0,
    "other": 0.9997806763536038,
    "mean": 0.6110733605142227
  },
  "recall": {
    "hard_coral": 0.9327950384042973,
    "soft_coral": 0.0,
    "other": 0.9993918654853577,
    "mean": 0.6440623012965517
  },
  "f1": {
    "hard_coral": 0.8802728665466303,
    "soft_coral": 0.0,
    "other": 0.9995362356131661,
    "mean": 0.6266030340532655
  }
}