{
  "instances": {
    "prediction": {
      "soft_coral": 7,
      "hard_coral": 60
    },
    "annotation": {
      "soft_coral": 6,
      "hard_coral": 56
    }
  },
  "iou": {
    "other": 0.9604022513984022,
    "soft_coral": 0.8449187924891249,
    "hard_coral": 0.7694143165896595,
    "mean": 0.8582451201590623
  },
  "dice": {
    "other": 0.9798012124433382,
    "soft_coral": 0.9159414451507414,
    "hard_coral": 0.8696824812321132,
    "mean": 0.921808379608731
  },
  "precision": {
    "hard_coral": 0.873015327156542,
    "soft_coral": 0.8751651962827299,
    "other": 0.983731307036217
  },
  "recall": {
    "hard_coral": 0.8654538764657594,
    "soft_coral": 0.9607037596976138,
    "other": 0.9759024527030662
  },
  "f1": {
    "hard_coral": 0.8691681614139464,
    "soft_coral": 0.9158918419471579,
    "other": 0.9797512448478267
  }
}