{
  "instances": {
    "prediction": {
      "soft_coral": 7,
      "hard_coral": 60
    },
    "annotation": {
      "soft_coral": 8,
      "hard_coral": 44
    }
  },
  "iou": {
    "other": 0.9525352524280069,
    "soft_coral": 0.8458602540033995,
    "hard_coral": 0.7534084204991689,
    "mean": 0.8506013089768585
  },
  "dice": {
    "other": 0.9756907090343336,
    "soft_coral": 0.9164943577595898,
    "hard_coral": 0.8593644375047371,
    "mean": 0.9171831680995535
  },
  "precision": {
    "hard_coral": 0.8866822975922714,
    "soft_coral": 0.8805804726120816,
    "other": 0.9760404981728648,
    "mean": 0.9144344227924058
  },
  "recall": {
    "hard_coral": 0.8365343242689728,
    "soft_coral": 0.955462848631514,
    "other": 0.9753412299956978,
    "mean": 0.9224461342987281
  },
  "f1": {
    "hard_coral": 0.8608286686824906,
    "soft_coral": 0.9164447209288445,
    "other": 0.9756407413631775,
    "mean": 0.9176380436581709
  }
}