{
  "instances": {
    "prediction": {
      "soft_coral": 7,
      "hard_coral": 65
    },
    "annotation": {
      "soft_coral": 8,
      "hard_coral": 44
    }
  },
  "iou": {
    "other": 0.9583262425834145,
    "soft_coral": 0.8758557266862862,
    "hard_coral": 0.7727799022450704,
    "mean": 0.8689872905049237
  },
  "dice": {
    "other": 0.9787197063949826,
    "soft_coral": 0.9338199246628548,
    "hard_coral": 0.8718283654574517,
    "mean": 0.9281226655050965
  },
  "precision": {
    "hard_coral": 0.8720422738849958,
    "soft_coral": 0.9221066008171138,
    "other": 0.9799107848390126,
    "mean": 0.9246865531803742
  },
  "recall": {
    "hard_coral": 0.8716502218993913,
    "soft_coral": 0.9458352576561503,
    "other": 0.9775315795513444,
    "mean": 0.9316723530356287
  },
  "f1": {
    "hard_coral": 0.8717962066875319,
    "soft_coral": 0.9337702262015714,
    "other": 0.9786697389013057,
    "mean": 0.9280787239301364
  }
}