{
  "instances": {
    "prediction": {
      "soft_coral": 0,
      "hard_coral": 5
    },
    "annotation": {
      "soft_coral": 0,
      "hard_coral": 4
    }
  },
  "iou": {
    "other": 0.9554090376530588,
    "soft_coral": 0.0,
    "hard_coral": 0.9700038016820125,
    "mean": 0.6418042797783571
  },
  "dice": {
    "other": 0.9771960947871753,
    "soft_coral": 0.0,
    "hard_coral": 0.9847735327757355,
    "mean": 0.6539898758543036
  },
  "precision": {
    "hard_coral": 0.9951011631970378,
    "soft_coral": 0.0,
    "other": 0.9622419299993193
  },
  "recall": {
    "hard_coral": 0.9746595836006001,
    "soft_coral": 0.0,
    "other": 0.9926247700330275
  },
  "f1": {
    "hard_coral": 0.9847243130650932,
    "soft_coral": 0.0,
    "other": 0.9771472572560005
  }
}