{
  "instances": {
    "prediction": {
      "soft_coral": 0,
      "hard_coral": 19
    },
    "annotation": {
      "soft_coral": 0,
      "hard_coral": 14
    }
  },
  "iou": {
    "other": 0.9814068358148565,
    "soft_coral": 0.0,
    "hard_coral": 0.5919929892532633,
    "mean": 0.52446660835604
  },
  "dice": {
    "other": 0.9906161804587209,
    "soft_coral": 0.0,
    "hard_coral": 0.7437130606095723,
    "mean": 0.5781097470227644
  },
  "precision": {
    "hard_coral": 0.6236107223345795,
    "soft_coral": 0.0,
    "other": 0.9976518059354582
  },
  "recall": {
    "hard_coral": 0.9211281740327111,
    "soft_coral": 0.0,
    "other": 0.9836796111282393
  },
  "f1": {
    "hard_coral": 0.7436703041618647,
    "soft_coral": 0.0,
    "other": 0.9905664481269592
  }
}