{
  "instances": {
    "prediction": {
      "soft_coral": 3,
      "hard_coral": 19
    },
    "annotation": {
      "soft_coral": 3,
      "hard_coral": 18
    }
  },
  "iou": {
    "other": 0.9544422080854599,
    "soft_coral": 0.789232574868436,
    "hard_coral": 0.5984068278805121,
    "mean": 0.780693870278136
  },
  "dice": {
    "other": 0.9766901309611156,
    "soft_coral": 0.882202331830974,
    "hard_coral": 0.7487540936921544,
    "mean": 0.8692155188280813
  },
  "precision": {
    "hard_coral": 0.7664669774710059,
    "soft_coral": 0.8981086515095917,
    "other": 0.9744218794961309
  },
  "recall": {
    "hard_coral": 0.7318515827926131,
    "soft_coral": 0.8668856786007165,
    "other": 0.9789700865605083
  },
  "f1": {
    "hard_coral": 0.7487094534143235,
    "soft_coral": 0.8821710143643275,
    "other": 0.976640690918636
  }
}