{
  "instances": {
    "prediction": {
      "soft_coral": 13,
      "hard_coral": 15
    },
    "annotation": {
      "soft_coral": 12,
      "hard_coral": 17
    }
  },
  "iou": {
    "other": 0.9217480392679805,
    "soft_coral": 0.34758006899508054,
    "hard_coral": 0.5545628138572289,
    "mean": 0.6079636407067633
  },
  "dice": {
    "other": 0.9592808426843372,
    "soft_coral": 0.5158581326514846,
    "hard_coral": 0.7134646588917571,
    "mean": 0.7295345447425263
  },
  "precision": {
    "hard_coral": 0.5686330860021132,
    "soft_coral": 0.7988027994724554,
    "other": 0.969718509182336
  },
  "recall": {
    "hard_coral": 0.9614542582297249,
    "soft_coral": 0.3809295124576915,
    "other": 0.9490659467419926
  },
  "f1": {
    "hard_coral": 0.7145722436771227,
    "soft_coral": 0.5158149304371606,
    "other": 0.959231090906977
  }
}