{
  "instances": {
    "prediction": {
      "soft_coral": 10,
      "hard_coral": 42
    },
    "annotation": {
      "soft_coral": 7,
      "hard_coral": 41
    }
  },
  "iou": {
    "other": 0.8694668848268587,
    "soft_coral": 0.7734551738583997,
    "hard_coral": 0.911988092668864,
    "mean": 0.8516367171180409
  },
  "dice": {
    "other": 0.9301762891696096,
    "soft_coral": 0.8722579349729374,
    "hard_coral": 0.9539683810434804,
    "mean": 0.9188008683953424
  },
  "precision": {
    "hard_coral": 0.9635814771922369,
    "soft_coral": 0.8109002865005436,
    "other": 0.9312733249612358,
    "mean": 0.901918362884672
  },
  "recall": {
    "hard_coral": 0.9445498677353623,
    "soft_coral": 0.9436622776668496,
    "other": 0.9290820079192512,
    "mean": 0.9390980511071544
  },
  "f1": {
    "hard_coral": 0.9539207698830717,
    "soft_coral": 0.8722087391006799,
    "other": 0.9301263786183073,
    "mean": 0.9187519625340196
  }
}