{
  "instances": {
    "prediction": {
      "soft_coral": 11,
      "hard_coral": 5
    },
    "annotation": {
      "soft_coral": 8,
      "hard_coral": 2
    }
  },
  "iou": {
    "other": 0.8117141023639801,
    "soft_coral": 0.5204166946961761,
    "hard_coral": 0.0002416626389560174,
    "mean": 0.4441241532330374
  },
  "dice": {
    "other": 0.8960730628577993,
    "soft_coral": 0.6845711396245496,
    "hard_coral": 0.00048320850446967865,
    "mean": 0.5270424703289396
  },
  "precision": {
    "hard_coral": 0.0020120723536389395,
    "soft_coral": 0.9746058590322818,
    "other": 0.8178990229559875
  },
  "recall": {
    "hard_coral": 0.0002755276339035232,
    "soft_coral": 0.5275730545773691,
    "other": 0.9907718538679746
  },
  "f1": {
    "hard_coral": 0.000464383931758561,
    "soft_coral": 0.6845277336992086,
    "other": 0.8960243020650713
  }
}