{
  "instances": {
    "prediction": {
      "soft_coral": 0,
      "hard_coral": 0
    },
    "annotation": {
      "soft_coral": 0,
      "hard_coral": 0
    }
  },
  "iou": {
    "other": 0.999998889631602,
    "soft_coral": 0.0,
    "hard_coral": 0.0,
    "mean": 0.333332963210534
  },
  "dice": {
    "other": 0.9999994448154927,
    "soft_coral": 0.0,
    "hard_coral": 0.0,
    "mean": 0.3333331482718309
  },
  "precision": {
    "hard_coral": 0.0,
    "soft_coral": 0.0,
    "other": 0.999999999888963
  },
  "recall": {
    "hard_coral": 0.0,
    "soft_coral": 0.0,
    "other": 0.999999999888963
  },
  "f1": {
    "hard_coral": 0.0,
    "soft_coral": 0.0,
    "other": 0.9999500023888379
  }
}