{
  "instances": {
    "prediction": {
      "soft_coral": 8,
      "hard_coral": 45
    },
    "annotation": {
      "soft_coral": 7,
      "hard_coral": 41
    }
  },
  "iou": {
    "other": 0.8804023695265949,
    "soft_coral": 0.7439811853365285,
    "hard_coral": 0.9270568675529236,
    "mean": 0.850480140805349
  },
  "dice": {
    "other": 0.9363978516451695,
    "soft_coral": 0.8531986372237905,
    "hard_coral": 0.9621479087227439,
    "mean": 0.917248132530568
  },
  "precision": {
    "hard_coral": 0.9665392685296521,
    "soft_coral": 0.8141609356714139,
    "other": 0.9386701805198977
  },
  "recall": {
    "hard_coral": 0.9577964354825129,
    "soft_coral": 0.8961696123488125,
    "other": 0.9341366718074718
  },
  "f1": {
    "hard_coral": 0.9620979949826624,
    "soft_coral": 0.853149273970485,
    "other": 0.9363479419877846
  }
}