{
  "instances": {
    "prediction": {
      "soft_coral": 10,
      "hard_coral": 38
    },
    "annotation": {
      "soft_coral": 7,
      "hard_coral": 41
    }
  },
  "iou": {
    "other": 0.8542496368333145,
    "soft_coral": 0.697222268784517,
    "hard_coral": 0.9148285729893727,
    "mean": 0.8221001595357347
  },
  "dice": {
    "other": 0.9213965799040965,
    "soft_coral": 0.82160396031551,
    "hard_coral": 0.9555200772476148,
    "mean": 0.8995068724890737
  },
  "precision": {
    "hard_coral": 0.9433408862884025,
    "soft_coral": 0.7532864879264672,
    "other": 0.949530924577466,
    "mean": 0.8820527662641119
  },
  "recall": {
    "hard_coral": 0.9680180307893212,
    "soft_coral": 0.9035502896936879,
    "other": 0.8948816500115476,
    "mean": 0.9221499901648523
  },
  "f1": {
    "hard_coral": 0.9554701688321151,
    "soft_coral": 0.8215548517981317,
    "other": 0.9213467148221569,
    "mean": 0.8994572451508013
  }
}