{
  "instances": {
    "prediction": {
      "soft_coral": 0,
      "hard_coral": 5
    },
    "annotation": {
      "soft_coral": 0,
      "hard_coral": 5
    }
  },
  "iou": {
    "other": 0.9946972980352329,
    "soft_coral": 0.0,
    "hard_coral": 0.9407497367653279,
    "mean": 0.6451490116001869
  },
  "dice": {
    "other": 0.9973416006679358,
    "soft_coral": 0.0,
    "hard_coral": 0.969470425726593,
    "mean": 0.6556040087981763
  },
  "precision": {
    "hard_coral": 0.9618935843521957,
    "soft_coral": 0.0,
    "other": 0.9980262369968015
  },
  "recall": {
    "hard_coral": 0.9771686049205869,
    "soft_coral": 0.0,
    "other": 0.9966579932099184
  },
  "f1": {
    "hard_coral": 0.9694209356010473,
    "soft_coral": 0.0,
    "other": 0.9972916483633909
  }
}